{"cameraMode":{"drawMode":0,"name":"Shaded","section":"Shading Mode"},"sceneLighting":true,"audioPlay":false,"sceneViewState":{"m_AlwaysRefresh":false,"showFog":true,"showSkybox":true,"showFlares":true,"showImageEffects":true,"showParticleSystems":true,"showVisualEffectGraphs":true,"m_FxEnabled":true},"in2DMode":false,"pivot":{"x":1.8148345947265626,"y":3.673171043395996,"z":4.381304740905762},"rotation":{"x":-0.08136159926652909,"y":0.5458556413650513,"z":0.05345521494746208,"w":0.8322601914405823},"size":3.6880147457122804,"orthographic":true}