{"cameraMode":{"drawMode":0,"name":"Shaded","section":"Shading Mode"},"sceneLighting":true,"audioPlay":false,"sceneViewState":{"m_AlwaysRefresh":false,"showFog":true,"showSkybox":true,"showFlares":true,"showImageEffects":true,"showParticleSystems":true,"showVisualEffectGraphs":true,"m_FxEnabled":true},"in2DMode":false,"pivot":{"x":1293.2628173828125,"y":292.27484130859377,"z":69.14654541015625},"rotation":{"x":0.1434820145368576,"y":0.01930689625442028,"z":-0.002741951495409012,"w":0.9894971251487732},"size":397.9774475097656,"orthographic":true}