{"cameraMode":{"drawMode":0,"name":"Shaded","section":"Shading Mode"},"sceneLighting":false,"audioPlay":false,"sceneViewState":{"m_AlwaysRefresh":false,"showFog":true,"showSkybox":false,"showFlares":true,"showImageEffects":true,"showParticleSystems":true,"showVisualEffectGraphs":true,"m_FxEnabled":true},"in2DMode":false,"pivot":{"x":0.06707262992858887,"y":0.980301558971405,"z":-1.9290797710418702},"rotation":{"x":-0.004280648194253445,"y":-0.30838653445243838,"z":-0.0013877555029466749,"w":0.9512494802474976},"size":1.2630871534347535,"orthographic":true}