{"cameraMode":{"drawMode":0,"name":"Shaded","section":"Shading Mode"},"sceneLighting":false,"audioPlay":false,"sceneViewState":{"m_AlwaysRefresh":false,"showFog":true,"showSkybox":false,"showFlares":true,"showImageEffects":true,"showParticleSystems":true,"showVisualEffectGraphs":true,"m_FxEnabled":true},"in2DMode":false,"pivot":{"x":-0.38650548458099368,"y":0.08054745197296143,"z":0.16042280197143556},"rotation":{"x":0.05397164821624756,"y":0.012881479226052761,"z":-0.0006572658894583583,"w":0.9984898567199707},"size":0.6562559604644775,"orthographic":true}