{"cameraMode":{"drawMode":0,"name":"Shaded","section":"Shading Mode"},"sceneLighting":false,"audioPlay":false,"sceneViewState":{"m_AlwaysRefresh":false,"showFog":true,"showSkybox":false,"showFlares":true,"showImageEffects":true,"showParticleSystems":true,"showVisualEffectGraphs":true,"m_FxEnabled":true},"in2DMode":false,"pivot":{"x":-0.12850680947303773,"y":0.326412558555603,"z":0.18845441937446595},"rotation":{"x":0.2593444585800171,"y":-0.3909677565097809,"z":0.11584595590829849,"w":0.8755059838294983},"size":1.0951271057128907,"orthographic":true}